id,numdots,subdomainlevel,pathlevel,urllength,numdash,numdashinhostname,atsymbol,tildesymbol,numunderscore,numpercent,numquerycomponents,numampersand,numhash,numnumericchars,nohttps,randomstring,ipaddress,domaininsubdomains,domaininpaths,httpsinhostname,hostnamelength,pathlength,querylength,doubleslashinpath,numsensitivewords,embeddedbrandname,pctexthyperlinks,pctextresourceurls,extfavicon,insecureforms,relativeformaction,extformaction,abnormalformaction,pctnullselfredirecthyperlinks,frequentdomainnamemismatch,fakelinkinstatusbar,rightclickdisabled,popupwindow,submitinfotoemail,iframeorframe,missingtitle,imagesonlyinform,subdomainlevelrt,urllengthrt,pctextresourceurlsrt,abnormalextformactionr,extmetascriptlinkrt,pctextnullselfredirecthyperlinksrt,class_label,predicted
4948,2,1,2,32,2,1,0,0,0,0,0,0,0,0,1,0,0,0,1,0,16,9,0,0,0,0,0.0,0.08,0,1,1,0,1,0.95890411,0,0,0,0,0,1,0,0,1,1,1,-1,1,-1,1,0
3338,2,1,9,152,15,0,0,1,0,0,0,0,0,27,1,1,0,0,1,0,16,129,0,0,0,0,0.0,0.0,0,1,0,0,0,0.0,0,0,0,0,0,0,0,0,1,-1,1,1,1,1,1,0
252,2,0,2,128,1,0,0,0,7,0,2,2,0,7,1,1,0,0,0,0,14,19,87,0,0,0,0.0,0.333333333,0,1,1,0,0,0.0,0,0,0,0,0,0,0,0,1,-1,1,1,-1,1,1,0
1514,2,1,5,54,1,0,0,0,0,0,0,0,0,0,1,0,0,0,1,0,20,27,0,0,0,0,0.0,0.0,0,1,0,0,0,0.0,0,0,0,0,0,0,0,0,1,0,1,1,1,1,1,0
9656,2,1,3,42,0,0,0,0,0,0,0,0,0,0,1,0,0,0,0,0,23,12,0,0,0,0,0.043478261,0.117647059,0,1,0,0,0,0.014492754,0,0,0,0,0,0,0,0,1,1,1,1,1,1,0,1
1316,4,2,4,63,1,0,0,0,0,0,0,0,0,4,1,1,0,0,0,0,26,30,0,0,0,0,1.0,1.0,0,1,0,1,0,0.0,1,0,0,0,0,1,0,0,1,0,-1,0,-1,-1,1,0
2928,2,1,2,36,1,0,0,0,0,0,0,0,0,0,1,0,0,0,1,0,22,7,0,0,0,0,0.0,0.083333333,0,1,0,0,0,0.0,0,0,0,0,0,0,0,0,1,1,1,1,1,1,1,0
5360,1,0,5,69,0,0,0,0,0,0,0,0,0,0,1,0,0,0,0,0,13,49,0,0,0,0,0.233333333,0.235294118,1,1,1,0,0,0.033333333,0,0,0,0,0,0,0,0,1,0,1,1,0,1,0,1
3788,4,1,2,79,2,1,0,0,0,0,1,0,0,0,1,1,0,0,1,0,28,36,7,0,0,0,0.2,0.0,0,1,0,0,0,0.0,0,0,0,0,1,0,0,0,1,-1,1,1,0,1,1,0
8792,1,0,3,51,1,0,0,0,0,0,0,0,0,0,1,0,0,0,0,0,13,31,0,0,0,0,0.016759777,0.058823529,0,1,0,0,0,0.05027933,0,0,0,0,0,0,0,0,1,1,1,1,1,1,0,1
8447,1,0,5,43,2,1,0,0,0,0,0,0,0,8,1,1,0,0,0,0,14,22,0,0,0,0,0.425,0.531914894,0,1,0,0,0,0.025,0,0,0,0,0,1,0,0,1,1,0,1,0,0,0,1
8966,3,0,2,59,0,0,0,0,0,0,0,0,0,5,1,0,0,0,0,0,15,13,23,0,0,0,0.0,0.0,0,1,0,0,0,0.0,0,0,0,0,0,0,0,0,1,0,1,1,1,1,0,1
2909,3,1,3,80,1,0,0,0,0,4,0,0,0,8,1,1,0,0,1,0,19,54,0,0,0,0,0.0,0.071428571,1,1,0,0,0,0.0,0,0,0,0,0,0,0,0,1,-1,1,1,1,1,1,0
5199,3,1,3,60,0,0,0,0,0,0,0,0,0,16,1,1,0,0,0,0,12,41,0,0,0,0,0.0,0.0,0,1,1,0,0,0.0,0,0,0,0,0,0,0,0,1,0,1,1,1,1,0,1
3791,4,1,2,79,2,1,0,0,0,0,1,0,0,0,1,1,0,0,1,0,28,36,7,0,0,0,0.2,0.0,0,1,0,0,0,0.0,0,0,0,0,1,0,0,0,1,-1,1,1,0,1,1,0
1374,1,0,2,28,1,0,0,0,0,0,0,0,0,0,1,0,0,0,0,0,9,12,0,0,0,0,0.0,0.153846154,0,1,0,0,0,0.0,0,0,0,0,0,0,0,0,1,1,1,1,1,1,1,0
3071,2,1,3,37,0,0,0,0,0,0,0,0,0,0,1,0,0,0,1,0,22,8,0,0,0,0,0.0,0.2,1,1,1,0,1,0.0,0,0,0,0,0,0,0,1,1,1,1,-1,0,1,1,0
3016,2,1,4,86,0,0,0,0,0,0,0,4,0,5,1,1,0,0,1,0,18,61,0,0,0,0,0.0,0.0,0,0,0,0,0,0.0,0,0,0,0,0,1,0,0,1,-1,1,1,1,1,1,0
7822,3,1,2,64,2,1,0,0,0,0,0,0,0,0,1,1,0,0,0,0,19,38,0,0,0,0,0.196721312,0.058823529,0,1,0,0,0,0.131147541,0,0,0,0,0,0,0,0,1,0,1,1,1,0,0,1
3394,11,9,2,95,0,0,0,0,0,0,0,0,0,5,1,1,0,1,1,0,72,16,0,0,0,0,1.0,0.095238095,0,1,0,0,0,0.0,0,0,0,0,0,1,0,0,-1,-1,1,1,1,-1,1,0
5560,2,1,9,120,1,0,0,0,0,0,0,0,0,35,1,1,0,0,1,0,18,95,0,0,0,0,0.061111111,1.0,1,1,0,0,0,0.0,0,0,0,0,0,0,0,0,1,-1,-1,1,-1,1,0,1
8869,3,1,3,55,1,0,0,0,0,0,0,0,0,8,1,1,0,0,0,0,36,12,0,0,0,0,0.009174312,0.8,0,1,0,0,0,0.009174312,0,0,0,0,0,0,0,0,1,0,0,1,0,1,0,1
5460,2,0,3,70,0,0,0,0,0,0,1,0,0,4,1,0,0,0,0,0,21,28,13,0,0,0,0.160839161,0.222222222,0,1,0,0,0,0.0,0,0,0,0,0,0,0,0,1,0,1,1,0,1,0,1
8721,2,0,5,54,0,0,0,0,0,0,0,0,0,6,1,1,0,0,0,0,8,39,0,0,0,0,0.289156627,0.0,0,1,0,0,0,0.0,0,0,0,0,0,0,0,0,1,0,1,1,1,1,0,1
4338,3,0,5,88,1,0,0,0,0,0,0,0,0,0,1,0,0,0,1,0,16,65,0,0,0,0,0.142857143,1.0,0,1,0,0,0,0.0,0,0,0,0,0,0,0,0,1,-1,-1,1,-1,1,1,0
8311,2,0,1,38,1,1,0,0,0,0,0,0,0,0,1,1,0,0,1,0,20,11,0,0,0,0,0.024390244,0.054054054,0,1,1,1,0,0.048780488,0,0,0,0,0,0,0,0,1,1,1,0,1,1,0,1
8945,1,0,4,37,0,0,0,0,0,0,0,0,0,0,1,1,0,0,0,0,11,19,0,0,0,0,0.02764977,0.125,0,1,0,0,0,0.00921659,0,0,0,0,0,0,0,0,1,1,1,1,1,1,0,1
484,1,0,5,78,0,0,0,0,0,0,0,0,0,24,1,1,0,0,0,0,20,51,0,0,0,0,0.202380952,1.0,0,1,0,0,0,0.011904762,0,0,0,0,0,0,0,0,1,-1,-1,1,-1,1,1,0
9697,2,1,3,48,1,0,0,0,0,0,0,0,0,0,1,0,0,0,0,0,17,24,0,0,0,0,0.016666667,0.134146342,0,1,0,0,0,0.0,0,0,0,1,0,0,0,0,1,1,0,1,1,1,0,1
5171,5,0,2,165,1,1,0,0,5,5,4,3,0,15,1,0,0,0,1,0,18,17,122,0,1,0,0.142857143,0.0,0,1,0,0,0,0.0,0,0,0,0,0,0,0,0,1,-1,1,1,1,1,0,1
7421,1,0,4,63,2,2,0,0,0,0,0,0,0,0,1,0,0,0,0,0,34,22,0,0,0,0,0.011904762,0.0,0,0,0,0,0,0.035714286,0,0,0,0,0,0,0,0,1,0,1,1,1,1,0,1
1786,2,0,3,49,1,0,0,0,0,0,1,0,0,0,1,0,0,0,1,0,14,24,3,0,0,0,0.0,0.642857143,1,1,0,0,0,0.0,0,0,0,0,0,0,0,0,1,1,-1,1,0,1,1,0
4505,3,1,5,58,0,0,0,0,0,0,0,0,0,0,1,0,0,0,0,0,15,36,0,0,0,0,0.0,0.333333333,1,1,0,0,0,0.0,0,0,0,0,0,1,0,1,1,0,1,1,-1,1,1,0
9973,3,1,3,47,0,0,0,0,0,0,0,0,0,2,1,0,0,0,0,0,15,25,0,0,0,0,0.037593985,0.018867925,0,1,0,0,0,0.045112782,0,0,0,0,0,0,0,0,1,1,1,1,0,1,0,1
8934,1,0,3,49,0,0,0,0,0,0,0,0,0,0,1,0,0,0,1,0,20,22,0,0,0,0,0.044871795,0.161290323,0,1,0,0,0,0.006410256,0,0,0,0,0,0,0,0,1,1,1,1,0,1,0,1
6061,3,0,6,66,1,0,0,0,0,0,0,0,0,8,1,1,0,0,0,0,17,42,0,0,0,0,0.075471698,0.036363636,0,1,0,1,0,0.056603774,0,0,0,0,0,0,0,0,1,0,1,0,1,1,0,1
6651,1,0,4,73,2,0,0,0,0,0,0,0,0,0,1,0,0,0,1,0,14,52,0,0,0,0,0.481132076,0.875,0,1,0,0,0,0.018867925,1,0,0,0,0,1,0,0,1,0,-1,1,0,0,0,1
9861,3,1,2,53,0,0,0,0,0,0,1,0,0,5,1,0,0,0,0,0,17,21,7,0,0,0,0.065573771,0.042492918,0,1,0,0,0,0.0,0,0,0,0,0,0,0,0,1,1,1,1,1,1,0,1
4140,1,0,3,42,0,0,0,0,1,0,0,0,0,0,1,0,0,0,0,0,11,24,0,0,0,0,0.054545455,0.695652174,0,1,0,0,0,0.145454546,0,0,0,0,0,0,0,0,1,1,1,1,-1,1,1,0
1865,2,0,2,135,1,0,0,0,7,0,2,2,0,4,1,0,0,0,0,0,14,18,95,0,0,0,0.0,0.333333333,0,1,1,0,0,0.0,0,0,0,0,0,0,0,0,1,-1,1,1,-1,1,1,0
3465,2,1,3,43,0,0,0,0,0,0,0,0,0,4,1,1,0,0,0,0,18,18,0,0,0,0,0.0,0.0625,0,1,0,0,0,0.0,0,0,0,0,0,1,0,0,1,1,1,1,0,1,1,0
9516,3,1,2,51,0,0,0,0,0,0,0,0,0,0,1,1,0,0,0,0,20,24,0,0,0,0,0.0,1.0,1,1,1,0,1,0.074074074,1,0,0,0,0,0,0,0,1,1,-1,-1,-1,1,0,1
2146,2,0,3,42,0,0,0,0,0,0,0,0,0,1,1,0,0,0,0,0,13,22,0,0,0,0,0.135135135,1.0,0,1,0,0,0,0.0,0,0,0,0,0,0,0,0,1,1,-1,1,-1,1,1,0
5222,3,1,1,68,3,3,0,0,1,0,1,0,0,0,1,0,0,0,0,0,32,10,18,0,0,0,0.033057851,0.142857143,0,1,0,0,0,0.0,0,0,0,0,0,0,0,0,1,0,1,1,1,1,0,1
9874,2,1,5,47,0,0,0,0,0,0,0,0,0,0,1,0,0,0,1,0,10,30,0,0,0,0,0.005319149,0.1,0,1,0,0,0,0.0,0,0,0,0,0,0,0,0,1,1,1,1,1,1,0,1
1079,2,0,3,84,0,0,0,0,0,0,1,0,0,21,1,1,0,0,0,0,19,44,13,0,0,0,0.0,0.625,0,1,0,0,0,0.0,0,0,0,0,0,0,0,0,1,-1,-1,1,0,1,1,0
8342,2,0,2,48,0,0,0,0,1,0,0,0,0,0,1,0,0,0,1,0,21,20,0,0,0,0,0.063492064,0.08,0,1,0,0,0,0.0,0,1,0,0,0,0,0,0,1,1,1,1,1,1,0,1
4124,1,0,7,90,3,0,0,0,0,0,0,0,0,3,1,1,0,0,1,0,19,64,0,0,0,0,0.0,0.0,0,1,0,0,0,0.0,0,0,0,0,0,0,0,0,1,-1,1,1,1,1,1,0
3252,2,1,4,97,0,0,0,0,0,0,0,4,0,7,1,1,0,0,1,0,27,63,0,0,0,0,0.0,0.0,0,0,0,0,0,0.0,0,0,0,0,0,1,0,0,1,-1,1,1,1,1,1,0
743,3,0,5,231,11,0,0,0,3,0,5,3,0,25,1,0,0,0,1,0,16,112,95,0,0,0,0.5,0.9375,0,1,0,0,0,0.0,1,0,0,0,0,1,0,0,1,-1,-1,1,-1,0,1,0
8619,2,0,3,40,0,0,0,0,0,0,0,0,0,0,1,0,0,0,0,0,21,12,0,0,0,0,0.058295964,0.157894737,0,1,0,0,0,0.02690583,0,0,0,0,0,0,0,0,1,1,1,1,0,1,0,1
2615,4,2,3,50,1,0,0,0,0,0,0,0,0,0,1,0,0,0,1,0,17,26,0,0,0,0,1.0,1.0,0,1,0,1,0,0.0,1,0,0,0,0,1,0,0,1,1,-1,0,-1,-1,1,0
8973,4,0,3,59,0,0,0,0,0,0,0,0,0,9,1,1,0,0,0,0,11,41,0,0,0,0,0.075949367,0.023809524,0,1,0,0,0,0.0,0,0,0,0,0,0,0,0,1,0,1,1,1,1,0,1
9064,3,2,2,43,0,0,0,0,0,0,0,0,0,6,1,1,0,0,0,0,24,12,0,0,0,0,0.0,0.083333333,0,1,1,0,0,0.0,0,0,0,0,0,0,0,0,0,1,1,1,1,1,0,1
5649,5,2,4,146,0,0,0,0,7,0,1,0,0,0,1,1,0,1,1,0,16,33,89,0,0,0,0.676470588,0.0,0,1,0,0,0,0.0,0,0,0,0,0,0,0,0,0,-1,1,1,1,-1,0,1
6217,4,0,4,70,0,0,0,0,1,0,0,0,0,6,1,1,0,0,0,0,17,46,0,0,0,1,0.100609756,0.0,0,1,0,0,0,0.0,0,0,0,0,0,0,0,0,1,0,1,1,1,1,0,1
8361,2,1,3,38,1,0,0,0,0,0,0,0,0,0,1,0,0,0,0,0,13,18,0,0,0,0,0.545454546,0.125,0,1,0,0,0,0.0,0,0,0,0,0,0,0,0,1,1,1,1,1,0,0,1
1181,2,0,5,82,0,0,0,0,1,0,1,0,0,4,1,0,0,0,0,0,12,46,16,0,0,0,0.0,0.882352941,1,1,1,0,0,0.0,0,0,0,0,0,0,0,0,1,-1,-1,1,-1,1,1,0
8704,1,0,4,40,0,0,0,0,0,0,0,0,0,8,1,1,0,0,0,0,21,12,0,0,0,0,0.475687104,0.52173913,0,1,0,1,0,0.002114165,0,0,0,0,0,0,0,0,1,1,-1,0,0,0,0,1
4880,4,2,2,71,0,0,0,0,0,0,2,1,0,0,1,0,0,0,0,0,22,16,25,0,1,0,0.0,0.263157895,0,1,0,0,0,0.0,0,0,0,0,0,1,0,0,1,0,1,1,0,1,1,0
564,2,0,5,53,0,0,0,0,1,0,0,0,0,0,1,0,0,0,1,0,11,35,0,1,0,0,0.0,0.0,0,1,0,0,0,0.0,0,0,0,0,0,1,0,0,1,1,1,1,1,1,1,0
7709,2,0,5,64,1,0,0,0,0,0,0,0,0,8,1,1,0,0,0,0,24,33,0,0,0,0,0.263157895,0.32,0,1,0,0,0,0.157894737,0,0,0,0,0,1,0,0,1,0,0,1,1,0,0,1
9496,3,1,1,47,0,0,0,0,0,0,1,0,0,5,1,0,0,0,0,0,15,13,11,0,0,0,0.375,0.071428571,0,1,1,0,0,0.0,0,0,0,0,0,0,0,0,1,1,1,1,1,0,0,1
1255,2,0,4,58,1,0,0,0,0,1,0,0,0,2,1,1,0,0,0,0,17,34,0,0,0,0,0.0,1.0,0,1,0,1,0,0.0,1,0,0,0,0,0,0,0,1,0,-1,0,-1,1,1,0
4503,3,0,4,79,1,0,0,0,0,0,2,0,0,24,1,0,0,0,0,0,10,29,32,0,0,0,0.0,0.166666667,0,1,1,0,1,0.0,0,0,0,0,0,0,0,1,1,-1,1,-1,0,1,1,0
8661,2,1,0,29,0,0,0,0,0,0,0,0,0,0,1,0,0,0,0,0,21,1,0,0,0,0,0.0,0.142857143,0,1,1,0,0,0.825396825,0,0,0,0,0,0,0,0,1,1,1,1,0,-1,0,1
2418,3,1,4,199,3,0,0,0,6,0,5,5,0,4,1,0,0,0,1,0,10,37,144,0,0,0,0.040540541,0.178571429,0,1,0,1,0,0.0,0,0,0,0,0,0,0,0,1,-1,1,0,0,1,1,0
3922,3,1,2,37,0,0,0,0,0,0,0,0,0,0,1,0,0,0,0,0,15,15,0,0,0,0,0.0,0.0,0,1,0,0,0,0.0,0,0,0,0,0,1,0,0,1,1,1,1,1,1,1,0
7333,6,1,3,169,5,0,0,0,0,0,2,1,0,12,1,1,0,0,1,0,33,71,57,0,0,0,0.017241379,0.133333333,0,1,0,0,0,0.0,0,0,0,0,0,0,0,0,1,-1,1,1,0,1,0,1
9785,2,1,2,52,1,0,0,0,0,0,0,0,0,0,1,1,0,0,0,0,25,20,0,0,0,0,0.058823529,0.0,0,1,1,0,0,0.0,0,0,0,0,0,0,0,0,1,1,1,1,1,1,0,1
1021,4,0,3,190,0,0,0,0,6,0,15,7,0,9,1,0,1,0,0,0,12,22,148,0,1,0,0.375,0.0,0,1,0,0,0,0.0,1,0,0,0,0,0,0,0,1,-1,1,1,0,0,1,0
7607,2,0,1,71,0,0,0,0,1,0,0,0,0,0,1,0,0,0,1,0,18,46,0,0,0,0,0.0,0.006134969,0,1,0,0,0,0.05,0,0,0,0,0,0,0,0,1,0,1,1,1,1,0,1
9240,3,1,1,52,0,0,0,0,0,0,1,0,0,3,1,0,0,0,0,0,28,9,7,0,0,0,0.0,0.0,0,1,0,0,0,0.0,0,0,0,0,0,0,0,0,1,1,1,1,1,1,0,1
2179,4,1,2,54,0,0,0,0,0,0,2,0,0,8,1,0,0,0,1,0,14,17,15,0,0,0,0.0,0.0,0,1,0,0,0,0.0,0,0,0,0,0,0,0,0,1,0,1,1,1,1,1,0
3860,2,0,3,47,0,0,0,0,0,0,0,0,0,0,1,0,0,0,1,0,14,26,0,0,0,0,0.882352941,0.148148148,1,1,0,0,0,0.0,0,0,0,0,1,1,0,0,1,1,1,1,0,-1,1,0
9460,2,1,0,26,1,1,0,0,0,0,0,0,0,0,1,0,0,0,0,0,18,1,0,0,0,0,0.062827225,0.014814815,0,1,0,0,0,0.010471204,0,0,0,0,0,0,0,0,1,1,1,1,1,1,0,1
6310,2,0,5,53,0,0,0,0,0,0,0,0,0,4,1,0,0,0,0,0,15,31,0,0,0,0,0.069565217,1.0,1,1,1,0,0,0.011594203,0,0,0,0,0,0,0,0,1,1,-1,1,-1,1,0,1
8583,1,0,3,54,1,0,0,0,0,0,0,0,0,0,1,0,0,0,0,0,26,21,0,0,0,0,0.795180723,1.0,1,1,1,0,0,0.012048193,1,0,0,0,0,0,0,0,1,0,-1,1,-1,-1,0,1
7478,4,1,15,155,0,0,0,0,0,0,0,0,0,3,1,1,0,0,1,0,21,127,0,0,0,0,0.0,0.142857143,0,1,0,0,0,0.0,0,0,0,0,1,0,0,0,1,-1,1,1,0,1,0,1
1748,2,0,2,91,1,0,0,0,5,0,1,0,0,2,1,0,0,0,0,0,14,18,51,0,0,0,0.0,0.333333333,0,1,1,0,0,0.0,0,0,0,0,0,0,0,0,1,-1,1,1,-1,1,1,0
4976,2,1,3,68,0,0,0,0,0,0,0,0,0,24,1,1,0,0,0,0,10,51,0,0,0,0,0.0,0.333333333,0,1,0,0,0,0.0,0,0,0,0,0,0,0,0,1,0,1,1,0,1,1,0
2834,5,1,10,205,1,0,0,0,3,0,5,5,1,27,1,1,0,0,1,0,18,63,91,0,0,0,0.0,0.0,0,1,1,0,0,0.0,0,0,0,0,0,0,0,0,1,-1,1,1,1,1,1,0
1311,4,2,4,62,1,0,0,0,0,0,0,0,0,4,1,1,0,0,0,0,26,29,0,0,0,0,1.0,1.0,0,1,0,1,0,0.0,1,0,0,0,0,1,0,0,1,0,-1,0,-1,-1,1,0
9948,4,1,1,56,0,0,0,0,0,0,1,0,0,12,1,1,0,0,0,0,16,10,22,0,0,0,0.353535354,0.054878049,0,1,0,0,0,0.0,0,0,0,0,0,0,0,0,1,0,1,1,0,0,0,1
9686,3,1,2,55,0,0,0,0,0,0,0,0,0,7,1,1,0,0,0,0,23,25,0,0,0,0,0.003225807,0.1,0,1,0,0,0,0.0,0,0,0,0,0,0,0,0,1,0,1,1,0,1,0,1
6476,1,0,2,160,0,0,0,0,5,0,0,0,0,73,1,1,0,0,1,0,16,137,0,0,0,0,0.5,0.454545455,0,0,0,0,0,0.0,0,0,0,0,0,0,0,0,1,-1,0,1,0,0,0,1
2626,5,1,3,46,0,0,0,0,0,0,0,0,0,0,1,1,0,0,0,0,17,22,0,0,0,0,0.0,0.0,0,0,0,0,0,0.2,0,0,0,0,0,0,0,0,1,1,1,1,1,1,1,0
8422,3,2,3,59,0,0,0,0,0,0,0,0,0,4,1,1,0,0,0,0,30,22,0,0,0,0,0.010714286,0.111111111,0,1,0,0,0,0.15,0,0,0,0,0,0,0,0,0,0,1,1,1,1,0,1
3083,3,1,4,119,8,0,0,0,0,0,0,0,0,18,1,1,0,0,0,0,22,90,0,0,0,0,0.0,0.0,0,0,0,0,0,0.0,0,0,0,0,0,1,0,0,1,-1,1,1,1,1,1,0
4933,2,1,3,45,0,0,0,0,0,1,0,0,0,2,1,1,0,0,0,0,15,23,0,0,0,0,0.0,0.0625,0,1,0,0,0,0.0,0,0,0,0,0,1,0,0,1,1,1,1,0,1,1,0
6484,2,0,4,75,1,0,0,0,4,0,0,0,0,0,1,0,0,0,1,0,14,54,0,0,0,0,0.025641026,0.294117647,0,1,0,0,0,0.025641026,0,0,0,0,0,0,0,0,1,0,1,1,0,1,0,1
2778,2,0,5,52,1,1,0,0,0,0,0,0,0,0,0,0,0,0,1,0,20,24,0,0,0,0,0.0,0.0625,0,0,0,0,0,0.0,0,0,0,0,0,1,0,0,1,1,1,1,0,1,1,0
6007,3,1,7,74,0,0,0,0,1,0,0,0,0,21,1,1,0,0,1,0,18,49,0,0,0,0,0.137931035,0.185185185,0,1,0,0,0,0.24137931,0,0,0,0,0,1,0,0,1,0,1,1,0,0,0,1
8073,2,0,6,67,0,0,0,0,1,0,0,0,0,28,1,1,0,0,0,0,9,51,0,0,0,1,0.686520376,0.974137931,1,1,0,0,0,0.0,0,0,0,0,0,1,0,1,1,0,-1,1,-1,-1,0,1
6833,4,0,3,79,2,2,0,0,0,0,0,0,0,11,1,1,0,0,0,0,21,51,0,0,0,0,0.114942529,0.063380282,0,1,0,0,0,0.011494253,0,0,0,0,0,1,0,0,1,-1,1,1,0,1,0,1
6991,5,1,3,72,0,0,0,0,1,0,0,0,0,4,1,1,0,0,1,0,23,42,0,0,0,0,0.113636364,0.0,0,1,0,0,0,0.0,0,0,0,0,0,0,0,0,1,0,1,1,1,1,0,1
6322,3,1,6,64,0,0,0,0,0,0,0,0,0,10,1,1,0,0,0,0,18,39,0,0,0,0,0.16,0.097560976,0,1,0,0,0,0.12,0,0,0,0,0,0,0,0,1,0,1,1,1,1,0,1
3012,3,1,4,150,13,0,0,0,0,0,0,0,0,13,1,1,0,0,1,0,22,121,0,0,0,0,0.0,0.0,0,0,0,0,0,0.0,0,0,0,0,0,1,0,0,1,-1,1,1,1,1,1,0
8606,1,0,3,58,2,1,0,0,0,0,0,0,0,0,1,1,0,0,0,0,15,36,0,0,0,0,0.7,0.833333333,0,0,0,0,0,0.05,1,0,0,0,0,0,0,0,1,0,1,1,-1,-1,0,1
9069,1,0,3,59,1,0,0,0,0,0,0,0,0,0,1,0,0,0,0,0,17,35,0,0,0,0,0.057142857,0.117647059,0,1,0,0,0,0.028571429,0,0,0,0,0,0,0,0,1,0,1,1,1,1,0,1
612,6,0,3,106,1,0,0,0,4,0,1,0,0,0,1,1,0,0,1,0,9,54,35,0,0,0,0.0,0.904761905,0,1,1,0,0,0.0,0,0,0,0,0,0,0,0,1,-1,-1,1,-1,1,1,0
8871,2,0,2,47,0,0,0,0,0,0,0,0,0,0,1,0,0,0,0,0,22,18,0,0,0,0,0.967863894,0.8125,1,1,0,1,0,0.003780718,1,0,0,0,1,0,0,0,1,1,-1,0,0,-1,0,1
1039,2,0,5,137,1,0,0,0,3,0,1,0,0,16,1,1,0,0,1,0,14,87,28,0,0,0,0.040540541,1.0,1,1,0,1,0,0.0,0,0,0,0,0,0,0,0,1,-1,-1,0,-1,1,1,0
2123,4,1,2,58,1,0,0,0,0,0,1,0,0,1,1,0,0,0,0,0,28,19,3,0,0,0,0.964285714,0.975,0,1,0,1,0,0.0,1,0,0,0,0,1,0,0,1,0,-1,0,-1,-1,1,0
4686,3,1,7,104,0,0,0,0,0,0,0,0,0,0,1,1,0,0,1,0,21,76,0,0,0,0,0.0,0.0,0,1,0,0,0,0.0,0,0,0,0,0,1,0,0,1,-1,1,1,1,1,1,0
8777,1,0,2,32,1,1,0,0,0,0,0,0,0,6,1,1,0,0,0,0,17,8,0,0,0,0,0.230769231,0.658536585,0,1,1,0,0,0.0,0,0,0,0,0,0,0,0,1,1,-1,1,1,1,0,1
6158,4,0,4,66,0,0,0,0,1,0,0,0,0,10,1,1,0,0,1,0,13,46,0,0,0,0,0.0,1.0,1,1,0,0,0,0.019230769,0,0,0,0,0,0,0,0,1,0,-1,1,0,1,0,1
7921,3,0,2,60,3,0,0,0,0,0,0,0,0,2,1,0,0,0,0,0,18,35,0,0,0,0,0.178571429,0.1,0,1,0,0,0,0.035714286,0,0,0,0,0,0,0,0,1,0,1,1,1,1,0,1
3003,2,1,4,57,2,0,0,0,1,0,0,0,0,0,1,0,0,0,1,0,24,26,0,0,0,0,0.0,0.0,0,1,0,0,0,0.0,0,0,0,0,0,0,0,0,1,0,1,1,1,1,1,0
2226,2,0,3,202,3,0,0,0,6,0,6,5,0,5,1,0,0,0,1,0,14,34,146,0,1,0,0.040540541,0.178571429,0,1,0,1,0,0.0,0,0,0,0,0,0,0,0,1,-1,1,0,0,1,1,0
8479,1,0,2,34,2,1,0,0,0,0,0,0,0,2,1,0,0,0,0,0,9,18,0,0,0,0,0.03030303,0.113207547,0,1,0,0,0,0.166666667,0,0,0,0,0,0,0,0,1,1,1,1,0,1,0,1
8464,1,0,3,34,1,1,0,0,0,0,0,0,0,0,1,0,0,0,0,0,10,17,0,0,0,0,0.0,0.5,0,1,0,0,0,0.0,0,0,0,0,0,0,0,0,1,1,1,1,0,1,0,1
3066,2,1,4,60,0,0,0,0,0,1,0,0,0,2,1,1,0,0,0,0,22,31,0,0,0,0,0.0,0.0,0,1,0,0,0,0.0,0,0,0,0,0,0,0,0,1,0,1,1,1,1,1,0
8527,2,0,6,54,0,0,0,0,0,0,0,0,0,4,1,1,0,0,1,0,10,37,0,0,0,0,0.195121951,0.090909091,0,1,0,0,0,0.036585366,0,0,0,0,0,0,0,0,1,0,1,1,1,1,0,1
1916,2,0,3,90,1,0,0,0,3,0,2,1,0,1,1,0,0,0,1,0,11,19,52,0,0,0,0.0,0.0,0,1,1,0,0,0.0,0,0,0,0,0,0,0,0,1,-1,1,1,1,1,1,0
592,5,1,2,133,1,0,0,0,0,0,7,6,0,14,1,0,0,0,0,0,20,11,94,0,0,0,0.0,0.642857143,1,1,0,0,0,0.0,0,0,0,0,0,0,0,0,1,-1,-1,1,0,1,1,0
5618,3,1,2,149,1,0,0,0,0,2,4,5,0,12,1,1,0,0,1,0,15,35,91,0,0,0,0.982142857,0.340909091,0,1,1,1,0,0.0,1,0,0,0,0,0,0,0,1,-1,1,0,0,-1,0,1
8833,1,0,2,41,1,1,0,0,0,0,0,0,0,0,1,0,0,0,0,0,16,18,0,0,0,0,0.0,0.0,0,1,0,0,0,0.002083333,0,0,0,0,0,0,0,0,1,1,1,1,1,1,0,1
8941,1,0,4,46,0,0,0,0,0,0,0,0,0,6,1,1,0,0,0,0,10,29,0,0,0,0,0.011695906,0.448275862,0,1,0,0,0,0.0,0,0,0,0,0,0,0,0,1,1,1,1,0,1,0,1
3058,2,1,4,97,0,0,0,0,0,0,0,4,0,7,1,1,0,0,1,0,27,63,0,0,0,0,0.0,0.0,0,0,0,0,0,0.0,0,0,0,0,0,1,0,0,1,-1,1,1,1,1,1,0
9051,2,0,2,50,1,1,0,0,0,0,1,0,0,4,1,0,0,0,0,0,15,20,7,0,0,0,0.038461539,0.1,0,1,1,0,0,0.0,0,0,0,0,0,0,0,0,1,1,1,1,1,1,0,1
8608,1,0,3,38,0,0,0,0,0,0,0,0,0,0,1,1,0,0,0,0,21,10,0,0,0,0,0.185714286,0.055555556,0,1,0,0,0,0.042857143,0,0,0,0,0,0,0,0,1,1,1,1,1,1,0,1
38,2,1,2,29,0,0,0,0,0,0,0,0,0,0,1,1,0,0,0,0,16,6,0,0,0,0,0.0,0.0,0,1,0,0,0,0.0,0,0,0,0,0,0,0,0,1,1,1,1,1,1,1,0
9830,2,1,1,59,1,0,0,0,0,0,0,0,0,0,1,0,0,0,0,0,31,21,0,0,0,0,0.0,0.857142857,1,1,0,0,0,0.727272727,1,0,0,0,0,0,0,0,1,0,-1,1,-1,-1,0,1
3059,2,1,2,34,0,0,0,0,0,0,0,0,0,0,1,1,0,0,1,0,21,6,0,0,0,0,0.0,0.166666667,0,1,0,0,0,0.0,0,0,0,0,0,0,0,0,1,1,1,1,1,1,1,0
739,3,0,5,231,11,0,0,0,3,0,5,3,0,25,1,0,0,0,1,0,16,112,95,0,0,0,0.5,0.9375,0,1,0,0,0,0.0,1,0,0,0,0,1,0,0,1,-1,-1,1,-1,0,1,0
6386,5,1,4,71,4,1,0,0,0,0,0,0,0,13,1,1,0,0,0,0,23,41,0,0,0,0,0.098484849,0.153846154,0,1,0,1,0,0.0,0,0,0,0,0,0,0,0,1,0,1,0,1,1,0,1
5639,4,0,2,130,0,0,0,0,0,3,1,0,0,7,1,0,0,0,0,0,14,16,92,0,0,0,0.017241379,0.0,0,1,0,0,0,0.0,0,0,0,0,0,0,0,0,1,-1,1,1,1,1,0,1
3013,2,1,3,39,1,1,0,0,0,0,0,0,0,0,1,0,0,0,1,0,20,12,0,0,0,0,0.0,0.0625,0,1,0,0,0,0.0,0,0,0,0,0,1,0,0,1,1,1,1,0,1,1,0
8948,1,0,4,42,0,0,0,0,0,0,0,0,0,6,1,1,0,0,0,0,16,19,0,0,0,0,0.144578313,0.666666667,0,1,1,0,0,0.192771084,0,0,0,0,0,0,0,0,1,1,1,1,0,0,0,1
7736,3,1,4,64,0,0,0,0,2,0,0,0,0,7,1,1,0,0,0,0,20,37,0,0,0,0,0.128571429,0.36,0,1,1,0,0,0.014285714,0,0,0,0,0,0,0,0,1,0,0,1,0,1,0,1
9044,1,0,0,26,1,1,0,0,0,0,0,0,0,0,1,0,0,0,0,0,18,1,0,0,0,0,0.095238095,0.128205128,0,0,0,0,0,0.666666667,0,0,0,0,0,0,0,0,1,1,1,1,0,-1,0,1
5172,6,0,2,123,1,1,0,0,2,0,3,2,0,22,1,0,0,0,0,0,16,15,84,0,0,0,0.0,0.5,0,1,0,1,0,0.0,0,0,0,0,0,1,0,0,1,-1,-1,0,0,1,0,1
606,1,0,3,32,0,0,0,0,0,0,0,0,0,2,1,0,0,0,1,0,13,12,0,0,0,0,0.0,0.285714286,0,1,0,0,0,0.0,0,0,0,0,0,0,0,0,1,1,1,1,-1,1,1,0
8762,3,1,2,40,0,0,0,0,0,0,0,0,0,0,1,0,0,0,0,0,14,19,0,0,0,0,0.038461539,0.25,0,1,0,0,0,0.028846154,0,0,0,0,0,0,0,0,1,1,1,1,0,1,0,1
725,2,1,5,81,0,0,0,1,0,0,0,0,0,30,0,1,0,0,0,0,23,50,0,0,0,0,0.0,0.0,0,0,0,0,0,0.0,0,0,0,0,0,0,0,0,1,-1,1,1,1,1,1,0
5492,3,1,5,148,0,0,0,0,2,0,0,0,0,3,1,1,0,0,1,0,24,117,0,0,0,0,0.0,0.1,0,1,1,0,0,0.02,0,0,0,0,0,0,0,0,1,-1,1,1,1,1,0,1
8686,2,0,2,33,0,0,0,0,0,0,0,0,0,0,1,0,0,0,0,0,9,17,0,0,0,0,0.244274809,0.125,0,1,0,0,0,0.015267176,0,0,0,0,0,0,0,1,1,1,1,1,1,1,0,1
5182,2,0,3,63,2,0,0,0,0,0,0,0,0,6,1,1,0,0,0,0,17,39,0,0,0,0,0.072727273,0.361111111,1,1,1,0,0,0.045454546,0,0,0,0,0,0,0,0,1,0,1,1,0,1,0,1
1771,1,0,2,22,0,0,0,0,0,0,0,0,0,0,1,0,0,0,0,0,12,3,0,0,0,0,0.0,0.166666667,0,1,1,0,1,0.0,0,0,0,0,0,0,0,1,1,1,1,-1,0,1,1,0
8720,1,0,3,42,0,0,0,0,0,0,0,0,0,5,1,1,0,0,1,0,15,20,0,0,0,0,0.427586207,0.2,0,1,0,0,0,0.020689655,0,0,0,0,0,0,0,0,1,1,1,1,0,0,0,1
9255,2,1,2,41,0,0,0,0,0,0,0,0,0,4,1,1,0,0,0,0,24,10,0,0,0,0,0.148148148,0.136363636,0,1,0,1,0,0.185185185,0,0,0,0,0,0,0,0,1,1,1,0,1,0,0,1
9170,4,1,2,50,0,0,0,0,0,0,1,0,0,4,1,1,0,0,0,0,18,14,10,0,0,0,0.018587361,0.0,0,1,0,0,0,0.0,0,0,0,0,0,0,0,0,1,1,1,1,1,1,0,1
8910,1,0,3,47,1,0,0,0,0,0,0,0,0,0,1,0,0,0,0,0,21,19,0,0,0,0,0.098591549,0.32,0,1,0,0,0,0.084507042,0,0,0,0,0,0,0,0,1,1,0,1,0,1,0,1
9529,4,1,1,43,0,0,0,0,0,0,0,0,0,0,1,0,0,0,0,0,15,21,0,0,0,0,0.176470588,0.068965517,0,1,1,0,0,0.019607843,0,0,0,0,0,0,0,0,1,1,1,1,1,1,0,1
4890,3,1,3,38,0,0,0,0,0,0,0,0,0,0,1,0,0,0,0,0,10,21,0,0,0,0,0.0,0.0,0,0,0,0,0,0.0,0,0,0,0,0,1,0,0,1,1,1,1,1,1,1,0
9677,2,1,3,42,0,0,0,0,0,0,0,0,0,6,1,1,0,0,1,0,22,13,0,0,0,0,0.038251366,0.0,0,1,0,0,0,0.005464481,0,0,0,0,0,0,0,0,1,1,1,1,1,1,0,1
7509,2,0,4,62,0,0,0,0,2,0,0,0,0,7,1,1,0,0,0,0,17,38,0,0,0,0,0.263829787,0.125,0,1,0,0,0,0.00212766,0,0,0,0,0,0,0,0,1,0,1,1,1,1,0,1
8484,1,0,2,53,1,0,0,0,0,0,0,0,0,0,1,0,0,0,0,0,24,22,0,0,0,0,0.230769231,0.222222222,0,1,1,0,0,0.0,0,0,0,0,0,0,0,0,1,1,1,1,0,1,0,1
8768,2,1,2,37,0,0,0,0,0,0,0,0,0,0,1,0,0,0,0,0,25,5,0,0,0,1,0.0,0.02,0,0,0,0,0,0.8,0,0,0,0,0,0,0,0,1,1,1,1,1,-1,0,1
8331,2,0,2,42,2,1,0,0,0,0,0,0,0,5,1,1,0,0,0,0,17,18,0,0,0,0,0.0,0.5,0,1,0,0,0,0.0,0,0,0,0,0,0,0,0,1,1,1,1,0,1,0,1
46,3,0,2,47,0,0,0,0,0,0,0,0,0,0,1,0,0,0,1,0,19,21,0,0,0,0,0.5,0.675675676,0,1,0,0,0,0.0,0,0,0,0,0,1,0,0,1,1,0,1,0,0,1,0
5629,3,1,14,134,2,0,0,0,0,0,0,0,0,8,1,1,0,0,1,0,13,114,0,0,0,0,0.083333333,0.04,0,0,0,0,0,0.0,0,0,0,0,0,0,0,0,1,-1,1,1,1,1,0,1
9639,2,1,0,35,0,0,0,0,0,0,0,0,0,0,1,0,0,0,0,0,27,1,0,0,0,0,0.078651685,0.111111111,0,1,1,0,0,0.0,0,0,0,0,0,0,0,0,1,1,1,1,1,1,0,1
8089,2,0,4,61,1,1,0,0,0,0,0,0,0,27,1,1,0,0,0,0,13,41,0,0,0,0,0.113122172,0.140449438,0,1,0,0,0,0.0,0,0,0,0,0,1,0,0,1,0,1,1,0,1,0,1
4719,4,0,3,179,0,0,0,0,0,0,7,7,0,25,1,0,0,0,1,0,9,24,138,0,0,0,0.034934498,1.0,0,1,0,0,0,0.0,0,0,0,0,0,1,0,0,1,-1,-1,1,-1,1,1,0
4627,3,1,3,48,1,0,0,0,0,0,0,0,0,2,1,0,0,0,1,0,17,24,0,0,0,0,0.03930131,1.0,1,1,0,1,0,0.947598253,0,0,0,0,0,1,0,0,1,1,-1,0,-1,-1,1,0
8953,2,1,1,54,5,2,0,0,0,0,0,0,0,6,1,1,0,0,0,0,22,25,0,0,0,0,0.090909091,0.346938776,0,1,0,0,0,0.472727273,0,0,0,0,0,0,0,0,1,0,1,1,0,0,0,1
5139,1,0,1,99,5,0,0,0,0,4,1,0,0,9,1,0,0,0,0,0,13,6,72,0,1,0,0.738419619,0.125,0,1,1,0,0,0.0,1,0,0,0,0,0,0,0,1,-1,1,1,1,-1,0,1
4266,1,0,2,58,0,0,0,0,0,0,1,1,0,9,1,1,0,0,0,0,16,6,28,0,0,0,0.258741259,0.027027027,0,1,0,0,0,0.0,0,0,0,0,0,0,0,0,1,0,1,1,1,1,1,0
6902,2,1,6,66,0,0,0,0,0,0,0,0,0,5,1,1,0,0,0,0,20,39,0,0,0,0,0.077777778,1.0,1,1,1,0,0,0.588888889,0,0,0,0,0,0,0,0,1,0,-1,1,0,0,0,1
1116,2,0,3,133,2,0,0,0,7,0,2,2,0,8,1,1,0,0,1,0,13,25,87,0,0,0,0.0,0.333333333,0,1,1,0,0,0.0,0,0,0,0,0,0,0,0,1,-1,1,1,-1,1,1,0
5546,1,0,6,153,0,0,0,0,11,0,0,0,0,18,1,1,0,0,1,0,18,128,0,0,0,0,0.0,0.084337349,0,1,1,0,0,0.193181818,0,0,0,0,0,0,0,0,1,-1,1,1,0,1,0,1
1615,1,0,2,29,0,0,0,0,0,0,0,0,0,0,1,1,0,0,1,0,14,8,0,0,0,0,0.0,0.0,0,1,0,0,0,0.0,0,0,0,0,0,0,0,0,1,1,1,1,1,1,1,0
7320,4,1,14,132,0,0,0,0,0,0,0,0,0,0,1,0,0,0,0,0,21,104,0,0,0,0,0.15,0.038461539,0,1,0,1,0,0.0,0,0,0,0,1,0,0,1,1,-1,1,0,1,1,0,1
5218,2,1,5,119,0,0,0,0,9,0,0,0,0,0,1,0,0,0,0,0,20,92,0,0,0,0,0.316939891,0.2,0,1,1,1,0,0.0,0,0,0,0,0,0,0,0,1,-1,1,0,0,0,0,1
4562,2,0,5,99,1,0,0,0,0,0,4,0,0,1,1,1,0,0,0,0,19,41,31,0,1,0,0.846153846,1.0,0,1,0,0,0,0.0,1,0,0,0,0,1,0,0,1,-1,-1,1,-1,-1,1,0
835,2,1,2,53,0,0,0,0,0,0,1,0,0,5,1,1,0,0,1,0,16,4,25,0,0,0,0.0,0.0,0,1,0,0,0,0.0,0,0,0,0,0,0,0,0,1,1,1,1,1,1,1,0
8535,1,0,3,49,0,0,0,0,0,0,0,0,0,6,1,1,0,0,0,0,14,28,0,0,0,1,0.125,0.294117647,0,1,1,0,0,0.041666667,0,0,0,0,0,0,0,0,1,1,1,1,0,1,0,1
8044,4,0,5,83,0,0,0,0,2,0,0,0,0,3,1,0,0,0,0,0,16,60,0,0,0,0,0.010582011,0.166666667,1,1,1,0,0,0.005291005,0,0,0,0,1,0,0,0,1,-1,0,1,0,1,0,1
3567,2,1,5,57,1,0,0,0,0,0,0,0,0,0,1,0,0,0,1,0,20,30,0,0,0,0,0.221052632,0.0,0,1,1,0,0,0.0,0,0,0,0,0,0,0,0,1,0,1,1,1,1,1,0
2761,3,0,4,82,1,0,0,0,0,1,0,0,0,2,1,1,0,0,0,0,29,46,0,0,0,0,0.0,0.75,0,1,0,0,0,0.0,0,0,0,0,0,0,0,0,1,-1,1,1,-1,1,1,0
7648,3,1,4,129,1,0,0,0,11,0,0,0,0,22,1,1,0,0,1,0,27,95,0,0,0,0,0.006060606,0.020556227,0,1,1,0,0,0.006060606,0,0,0,0,0,0,0,0,1,-1,1,1,0,1,0,1
